id,earlength,dnaseq
17A,short,CCGCATCTTGACTTAACTGACATATTACCATAGATGACTAGCCATGCCACTAGCTCTTAGATAACCCGATACAGTGATTATGAAAGGTTTGTGGGGTATA
24P,short,GCTATGACTTGCTTAGCTACGTATGAAGGAAGAAACTTTTGTGTATTTATATGTTCACCCGTCTATTACCCATGCCCGAAGATTATGTAGGTTGTGAGAT
09Q,long,CCGCCGATTGATACAGGGGACGGTGACGTCGTCATAGATTCGGCACGTTACCCTTGTAGGTGTGGAGCCACTTAGCTACGCGCCGAAGTCCCATGGCAAA
65Y,short,GCAGGAGAAGTTCTTAACCTTCTCGTAGGACGTCAACCTATTCTTTAATAGAGCATTTCATTCGAGCATGACAGTAAGTACGCTTTCTCAATTGTGCTAA
19N,short,TCTTCATCCTTATCAAAGTTTGGAGTCAATGATCAGGATTATTGCCTTGCAATAAATTTCTTATTCACAGTCGCTCATATTGAGCTACTCGATGGGTTAT
92K,long,ACCGATGGACAATGATTCGGGTAGCACCAGGAGTCCGTAGCGCGTGCATCCCGGCGTGGCGCGCGTACAGCTTAACCACCGCTTCATGCTAGGGTGCTGG
33W,short,CAGCTTGACTCGGTCTGTTAGGCCACGATTACGTGAGTTAGGGCTCTGAACTGCGCTGTATAGTCGAATCTGATTCGGCCCTCACAACTGCAAACCCCAA
98C,long,CTGCATGCTAGGTTGACACGCCTGCACTGCTCGAAGAAAATATGCGAAGCGGGCGGCCTGGCCGGAGCGCTACCCCGCCGGCGCGTGCTCGAATACTGTT
75G,short,CTTATTTAGATAACATGATTAGCCGAAGTTGTACGGGATATCCACCGTAAAGTCCTCCCCGGGTGTCCCTCCTTCATTTGATGATAAGCAGCCGCTACCA
88Q,long,GATTGCTCGCACATGAGCAAAACGGTAGAGCGTCACTTTCAGCCCTCTTATCCCCGGCGATGTGTGTGAAATGGCGTTGATCCGGATTGACTCTATGACG
